Tanya, United Kingdom
Jamie, Canada
Chelsea, South Africa
Taylor, United Kingdom
Hannah, United States of America
Megan, Germany
Georgie, Estonia
Christine, South Africa
Ashley, South Africa
Kelly, Puerto Rico
Sylvia, United Kingdom
Rose, Puerto Rico
Helen, Australia
Edie, Canada
Alexandra, United Kingdom
Sandra, Germany
Heidi, Peru
India, Canada
Lara, Germany
Joel, Sweden
David, Sweden
Rachel, Peru
Daniel, Puerto Rico
Jonathan, Sweden
Annabel, United Kingdom
Leila, Puerto Rico
Elizabeth, United States of America
Gemma, Canada
Elena, Puerto Rico
Mollie, Germany
Charlie, South Africa
Danielle, South Africa
Meghan, United States of America
Tyler, Peru
Betty, Germany
Elsie, Canada
Lucy, United States of America
April, Puerto Rico
Maggie, Germany
Anne, Australia
Nancy, Puerto Rico
Julie, Estonia
Kyla, Peru
Sharon, Estonia
Harriet, Puerto Rico
Isabel, Estonia
Christian, South Africa
Maxwell, Puerto Rico
Connor, United Kingdom
Harley, Germany
Alan, Puerto Rico
Erik, Australia
Charles, United Kingdom
Robbie, Peru
Robin, South Africa
Jeremy, Sweden
Omar, Germany
Oliver, United Kingdom
Julia, Australia
Kyle, Estonia
Jenna, Sweden
Cory, Puerto Rico
Ricky, Germany
Douglas, Australia
Clyde, Australia
Juan, United States of America
Callum, Peru
Anita, South Africa
Adrian, Puerto Rico
Austin, Peru
Justin, Peru
Edgar, Canada
Renee, South Africa
Felix, Estonia
Marshall, Sweden
Lily, Peru
Archie, United Kingdom
Annika, Estonia
Aiden, Canada
Greg, Puerto Rico
Laurence, Sweden
Brett, Puerto Rico
Gregory, Canada
Vince, Peru
William, Peru
Liam, United States of America
Matthew, Germany
Billy, United Kingdom
Adam, Peru
Michael, Estonia
Ronald, South Africa
Harry, United States of America
Henry, Canada
Stefan, Sweden
Thomas, South Africa
Alistair, Canada
Ian, Peru
Jay, United Kingdom
Theodore, United Kingdom
Jasper, Puerto Rico
Riley, South Africa
Gene, Australia
Eli, Puerto Rico
Mel, Sweden
Danni, United States of America
Nicky, South Africa
Morgan, United States of America
Bailey, Peru
