Libby, United Kingdom
Keira, Germany
Lexie, Canada
Amelia, South Africa
Evelyn, Puerto Rico
Carissa, United Kingdom
Marisol, Estonia
Dylan, Peru
Ben, Australia
Cain, Australia
Darius, Australia
Edward, Puerto Rico
Freddie, South Africa
Jenson, Estonia
Armando, United Kingdom
Jakob, Sweden
Alvin, Canada
Peter, Peru
Louis, Sweden
Spencer, Sweden
Mason, Canada
Rhys, Estonia
Reid, Peru
Caden, United States of America
Quinn, Germany
Lesley, Peru
Kai, Estonia
Jess, United States of America
Jaden, Germany
Ash, Sweden
Skyler, Peru
Jordan, South Africa
Aubrey, Puerto Rico
Alexis, South Africa
Eleanor, Puerto Rico
Scarlett, Australia
Rachael, Sweden
Lorelei, Sweden
Phoebe, Puerto Rico
Ariel, United Kingdom
Kimberly, Sweden
Chloe, Puerto Rico
Sofie, Australia
Jodie, Sweden
Hollie, Canada
Baylee, South Africa
Brennan, Puerto Rico
Harper, South Africa
Lance, South Africa
Scott, Sweden
Ollie, United Kingdom
Marc, Peru
Otto, United States of America
Mark, Puerto Rico
Denzel, Canada
Toby, Germany
Tobias, Peru
Elliot, United Kingdom
Ellis, Sweden
Sean, Sweden
Dominik, United Kingdom
Gunnar, South Africa
Darryl, Australia
Josh, Puerto Rico
Jackson, South Africa
Dayton, Estonia
Evan, Puerto Rico
Levi, Puerto Rico
Harvey, South Africa
Ewan, Estonia
Drew, Germany
Rylan, Peru
Shane, Peru
Josiah, Sweden
Max, Peru
Dillion, Germany
Albert, Canada
Nathan, Estonia
Nathaniel, Australia
Joaquin, Puerto Rico
Declan, Estonia
Benton, Puerto Rico
Stan, Puerto Rico
Steve, Sweden
Lewis, Peru
Javier, South Africa
Roy, Canada
Nicholas, Germany
Simeon, South Africa
Milo, Puerto Rico
Calvin, Australia
James, Puerto Rico
Jon, Canada
Ernest, United States of America
Patrick, Estonia
Logan, Canada
Atticus, Estonia
Luke, Australia
Rodney, Canada
Lucas, Canada
Vaughn, United Kingdom
Marcel, Peru
Victor, Sweden
Noah, Sweden
Jimmy, Germany
Gail, Peru
Frankie, United States of America
Bella, Sweden
Polly, Sweden
Nora, Peru
Lacey, Estonia
Georgina, Puerto Rico
Addison, United States of America
Natalie, Puerto Rico
Adeline, Australia
Ariana, Estonia
Astrid, South Africa
Charlotte, Germany
Paisley, Estonia
Brooklyn, Peru
Angel, Canada
Gabbie, Canada
Angelika, Sweden
Nadia, Estonia
Hazel, Germany
Francesca, Peru
Arya, Peru
Caitlin, United States of America
Myra, Australia
Eden, United Kingdom
Dolly, South Africa
Eliza, United Kingdom
Josie, South Africa
Ivy, Sweden
Georgia, Germany
Ariella, Canada
Arianna, United States of America
Meredith, Canada
Abigail, Australia
Miriam, United States of America
Holly, United States of America
Annie, Peru
Matteo, Estonia
Olly, United States of America
Kian, Sweden
Zack, Sweden
Arlo, Peru
Archer, Puerto Rico
Parker, United Kingdom
Fabian, Puerto Rico
Montgomery, Australia
Kevin, South Africa
Jesse, Estonia
Tate, Peru
Luis, Australia
Travis, Canada
Carl, Australia
Fletcher, Australia
Eddie, United Kingdom
Lenno, Australia
Sidney, South Africa
Dennis, Germany
Jensen, Canada
Sam, United Kingdom
Oscar, United Kingdom
Perry, Peru
Ted, Canada
Ralph, Puerto Rico
Fraser, United States of America
Neil, Peru
Herman, Germany
Russell, Sweden
Wayne, United Kingdom
Wyatt, Australia
Hector, Peru
Miles, Canada
Zach, Estonia
Damian, South Africa
Isaac, United Kingdom
Tristan, Canada
Hans, Germany
Curtis, United States of America
Hugo, Germany
Casey, United States of America
Kylie, Canada
Nicole, United States of America
Ada, Estonia
Adele, Puerto Rico
Agnes, Sweden
ALbert, Sweden
Allen, Canada
Mario, Australia
Brian, Sweden
Tiffany, Canada
Veronica, South Africa
Jodi, Australia
Vivian, Sweden
Sara, United Kingdom
Connie, Canada
Ella, South Africa
Leo, South Africa
Philip, Puerto Rico
Craig, United States of America
Brendan, Peru
Jeff, Estonia
Shaun, United States of America
Orville, United Kingdom
Kent, Australia
Derek, Australia
Donald, United Kingdom
Earl, South Africa
Leon, Peru
Roger, Australia
Seth, Estonia
Stella, United States of America
Loretta, United Kingdom
Laura, United States of America
Michelle, United States of America
Gina, Canada
Selena, Australia
Alice, Sweden
Beverly, Australia
Dolores, Puerto Rico
Stefanie, Sweden
Yvonne, Puerto Rico
Irma, Germany
Mariah, Canada
Maureen, United States of America
Denise, Canada
Howard, South Africa
Karl, Puerto Rico
Martin, Canada
Sebastian, Puerto Rico
Kilian, Canada
Eugene, Sweden
Estelle, Germany
Arnold, Sweden
Arthur, Canada
Gerald, Sweden
Margarita, Estonia
Franz, South Africa
Marcus, United Kingdom
Marvin, United Kingdom
Mathias, Australia
Niko, Australia
Naomi, Estonia
Paula, South Africa
Raphael, United Kingdom
Rupert, Germany
Sabrina, United States of America
Ruth, Estonia
Sven, Canada
Tim, Peru
Timothy, Estonia
Gilbert, South Africa
Gustav, Sweden
Klaus, Canada
Lars, Canada
Dirk, Germany
Emilia, United Kingdom
Emma, Puerto Rico
Eva, South Africa
Gwen, United Kingdom
Ramona, Germany
Casper, Puerto Rico
Kayleigh, United States of America
Fern, Canada
Daisy, Canada
Maria, Canada
Mimi, Canada
Tessa, Puerto Rico
Esther, Sweden
Martha, United Kingdom
Jasmin, Estonia
Ida, United States of America
Leonie, Peru
Zoe, Estonia
Courtney, United States of America
Matilda, Estonia
Stephanie, United Kingdom
Dale, Germany
Elle, Australia
Leia, Estonia
Carley, Sweden
Sophie, South Africa
Gabrielle, Sweden
Alexa, Peru
Mariam, Canada
Catherine, South Africa
Anya, United Kingdom
Stacy, United Kingdom
