Libby, Zebra Jumpy, Princess dress, Lego death star
Keira, LED light up sneakers, 7200 Riot Points gift card
Lexie, Mermaid barbie, Pink fluffy pen, World of Warcraft: Shadowlands Collectors Edition
Amelia, Wall-mount diamond pickaxe, Magic: The Gathering Commander Legends booster box
Evelyn, Wall-mount diamond pickaxe, 7200 Riot Points gift card, Avocado
Carissa, Baby Yoda plushie, Nintendo Switch, Football shoes
Marisol, Magic: The Gathering Commander Legends booster box
Dylan, Roller skates, Cyberpunk 2077
Ben, Polar bear plushie
Cain, VHS player, Harry Potter and the Philosopher's Stone
Darius, Baby born doll, Magic: The Gathering Commander Legends booster box, Horse riding helmet
Edward, Trick scooter, Baby born doll, Tablet computer
Freddie, Color pencil set, Toy train set, Brunette Barbie doll
Jenson, Toy train set, Jaipur board game, Acrylic paint brush set 
Armando, Nerf rifle, Remote controlled car
Jakob, Frozen Elsa electric toothbrush, Raspberry Pi 4
Alvin, Swimming flippers
Peter, LED light up sneakers
Louis, Football shoes, Tablet computer
Spencer, Remote controlled car, Fortnite t-shirt, Raspberry Pi 4
Mason, Toy truck, Beyblade Burst spinner
Rhys, Crayons
Reid, Book about dinosaurs, Color pencil set, Skateboard
Caden, New phone, Baby born doll, Car carpet
Quinn, Small watering can
Lesley, Briefcase of art supplies
Kai, Small watering can
Jess, Carbon fiber road bike
Jaden, Dungeons and Dragons 5th Edition Starter Set, New phone, Ninja Turtles backpack
Ash, Briefcase of art supplies
Skyler, New phone, New phone
Jordan, Magic: The Gathering Commander Legends booster box
Aubrey, Toy dinosaur play set
Alexis, Running shoes
Eleanor, Spiderman costume, Polyhedral dice set
Scarlett, Running shoes, Piggy bank, Ballet shoes
Rachael, Clear Night Sky puzzle, Xbox Series X, Doll stroller
Lorelei, Raspberry Pi 4, Digital camera
Phoebe, Clear Night Sky puzzle, Toy train set
Ariel, Basketball, Baby brother, LOL Dolls surprise egg
Kimberly, Raspberry Pi 4, Wireless headphones
Chloe, Wireless headphones
Sofie, Ninja Turtles backpack
Jodie, LED light up sneakers, Small watering can, 7200 Riot Points gift card
Hollie, Acrylic paint brush set , Football shoes, Xbox Series X
Baylee, Carbon fiber road bike
Brennan, Pink tricycle
Harper, Jaipur board game, Princess dress, Toy kitchen set
Lance, Indoor bowling set
Scott, Polyhedral dice set
Ollie, Horse riding helmet, Frozen Elsa electric toothbrush, Lego death star
Marc, Baby Yoda plushie, Crayons, Mermaid barbie
Otto, Harry Potter and the Philosopher's Stone, Dinosaur plushie, Xbox Series X
Mark, Baby brother, Lego death star, Raspberry Pi 4
Denzel, Dungeons and Dragons 5th Edition Starter Set, Clear Night Sky puzzle
Toby, Pink tricycle, Baby brother, Doll stroller
Tobias, Football shoes, Magic: The Gathering Commander Legends booster box
Elliot, Kitten plushie, Acrylic paint brush set , Harry Potter and the Philosopher's Stone
Ellis, Lego Grogu
Sean, Unicorn onesie, Pink tricycle, Trick scooter
Dominik, Nerf rifle
Gunnar, Gloomhaven board game, Harry Potter and the Philosopher's Stone, Xbox Series X
Darryl, Unicorn onesie, Small watering can, Mechanical keyboard
Josh, Avocado, Running shoes
Jackson, Polar bear plushie, Cyberpunk 2077, Kitten plushie
Dayton, Indoor bowling set, Wireless headphones
Evan, Dungeons and Dragons 5th Edition Starter Set
Levi, Remote controlled bb8 droid, Ballet shoes, Avocado
Harvey, Avocado, Harry Potter and the Philosopher's Stone, Dinosaur plushie
Ewan, Pink fluffy pen, Avocado, Car carpet
Drew, Giraffe plushie, Nerf rifle
Rylan, Baby brother, Fortnite t-shirt
Shane, Ken doll with real hair, Roller skates
Josiah, Ballet shoes, Princess dress, Crayons
Max, Lego death star
Dillion, Xbox Series X
Albert, Small watering can
Nathan, Ballet shoes, Ken doll with real hair, Beyblade Burst spinner
Nathaniel, Zebra Jumpy, Crayons
Joaquin, Polyhedral dice set
Declan, Wireless headphones, Toy train set, Baby Yoda plushie
Benton, VHS player, Raspberry Pi 4, Book about dinosaurs
Stan, Running shoes, Color pencil set, Roller skates
Steve, Polar bear plushie
Lewis, Polar bear plushie, Zebra Jumpy, Bluetooth speaker
Javier, Toy kitchen set, Ken doll with real hair, Tablet computer
Roy, Toy dinosaur play set, Jaipur board game, Magic: The Gathering Commander Legends booster box
Nicholas, Color pencil set, Ken doll with real hair
Simeon, Jaipur board game, Harry Potter and the Philosopher's Stone, Spiderman costume
Milo, Frozen Olaf plush toy
Calvin, Dungeons and Dragons 5th Edition Starter Set, Nintendo Switch, Horse riding helmet
James, Swimming goggles
Jon, Basketball, Acrylic paint brush set 
Ernest, Frozen Elsa electric toothbrush, Book about dinosaurs
Patrick, Nintendo Switch, Running shoes, Pink tricycle
Logan, Indoor bowling set, Briefcase of art supplies, Teddy bear
Atticus, Toy dinosaur play set, Brunette Barbie doll, Nerf rifle
Luke, Mechanical keyboard, Cyberpunk 2077
Rodney, Dungeons and Dragons 5th Edition Starter Set, Raspberry Pi 4
Lucas, Lego death star, Digital camera, Unicorn onesie
Vaughn, Book about dinosaurs
Marcel, PlayStation 5
Victor, Book about dinosaurs, Remote controlled bb8 droid
Noah, Unicorn onesie
Jimmy, Cyberpunk 2077, Digital camera, Beyblade Burst spinner
Gail, Doll stroller, Harry Potter and the Philosopher's Stone, Spiderman costume
Frankie, Baby brother, Polyhedral dice set
Bella, Baby brother, Princess dress, World of Warcraft: Shadowlands Collectors Edition
Polly, Spiderman costume
Nora, World of Warcraft: Shadowlands Collectors Edition
Lacey, Mermaid barbie
Georgina, Acrylic paint brush set 
Addison, Mechanical keyboard, Tablet computer
Natalie, Fortnite t-shirt, Running shoes, Ballet shoes
Adeline, Toy train set, Dinosaur plushie
Ariana, Roller skates
Astrid, Ninja Turtles backpack, Tablet computer, VHS player
Charlotte, Toy kitchen set
Paisley, Toy truck
Brooklyn, Polyhedral dice set
Angel, Dinosaur plushie
Gabbie, Cyberpunk 2077
Angelika, Remote controlled bb8 droid, Carbon fiber road bike, World of Warcraft: Shadowlands Collectors Edition
Nadia, Pink tricycle
Hazel, Polar bear plushie
Francesca, PlayStation 5
Arya, 500 TikTok followers, Dinosaur plushie, Indoor bowling set
Caitlin, Lego Grogu, Tablet computer
Myra, Trick scooter
Eden, Gloomhaven board game
Dolly, 500 TikTok followers, Princess dress, Book about dinosaurs
Eliza, Running shoes, Wireless headphones, PlayStation 5
Josie, Nerf rifle, Nerf rifle
Ivy, Watercolor paint set, LED light up sneakers
Georgia, Tablet computer, Brunette Barbie doll, Toy dinosaur play set
Ariella, VHS player, Swimming goggles
Arianna, Digital camera, Football shoes, Avocado
Meredith, Fortnite t-shirt, Toy dinosaur play set, World of Warcraft: Shadowlands Collectors Edition
Abigail, LED light up sneakers
Miriam, PlayStation 5, Color pencil set, Crayons
Holly, Wireless headphones, Mechanical keyboard
Annie, Frozen Olaf plush toy, Color pencil set, Remote controlled bb8 droid
Matteo, Color pencil set, Polyhedral dice set
Olly, Car carpet, Horse riding helmet, Jaipur board game
Kian, Tablet computer
Zack, Magic: The Gathering Commander Legends booster box
Arlo, Running shoes
Archer, Clear Night Sky puzzle
Parker, Doll stroller
Fabian, Jaipur board game, Clear Night Sky puzzle
Montgomery, Book about dinosaurs, Jaipur board game, Wall-mount diamond pickaxe
Kevin, Color pencil set, World of Warcraft: Shadowlands Collectors Edition
Jesse, Avocado, Baby born doll, Indoor bowling set
Tate, Dungeons and Dragons 5th Edition Starter Set, Digital camera, Ninja Turtles backpack
Luis, 500 TikTok followers, Toy train set
Travis, Toy truck
Carl, Wireless headphones
Fletcher, Nintendo Switch, Spiderman costume
Eddie, Zebra Jumpy, Skateboard
Lenno, Tablet computer, Doll stroller, LED light up sneakers
Sidney, Ken doll with real hair, Princess dress
Dennis, Unicorn onesie, Magic: The Gathering Commander Legends booster box, Brunette Barbie doll
Jensen, Indoor bowling set
Sam, Carbon fiber road bike, Small watering can, Fortnite t-shirt
Oscar, Lego death star, Brunette Barbie doll, Teddy bear
Perry, LOL Dolls surprise egg, Bluetooth speaker
Ted, Magic: The Gathering Commander Legends booster box
Ralph, Indoor bowling set
Fraser, Roller skates, Giraffe plushie
Neil, Tablet computer
Herman, Polar bear plushie
Russell, 7200 Riot Points gift card
Wayne, Minecraft Diamond Armor Pyjama set, Football shoes, Baby brother
Wyatt, World of Warcraft: Shadowlands Collectors Edition, Book about dinosaurs, Unicorn onesie
Hector, Minecraft Diamond Armor Pyjama set, VHS player, Toy train set
Miles, Lego Grogu, Indoor bowling set
Zach, Raspberry Pi 4, Indoor bowling set
Damian, Pink tricycle, New phone, Indoor bowling set
Isaac, Book about dinosaurs, Remote controlled car
Tristan, Nerf rifle, Fortnite t-shirt
Hans, 7200 Riot Points gift card
Curtis, Swimming flippers, Brunette Barbie doll
Hugo, 500 TikTok followers
Casey, Digital camera
Kylie, Nerf rifle, World of Warcraft: Shadowlands Collectors Edition, Swimming goggles
Nicole, World of Warcraft: Shadowlands Collectors Edition
Ada, Lego Grogu, Toy truck
Adele, 7200 Riot Points gift card, Magic: The Gathering Commander Legends booster box
Agnes, Raspberry Pi 4
ALbert, Horse riding helmet
Allen, Cyberpunk 2077, Ninja Turtles backpack
Mario, Football shoes
Brian, Small watering can, Skateboard, Swimming flippers
Tiffany, Basketball
Veronica, Carbon fiber road bike, Remote controlled car
Jodi, Pink tricycle, Baby born doll
Vivian, Pink fluffy pen
Sara, Small watering can, Fortnite t-shirt, Trick scooter
Connie, Basketball, Beyblade Burst spinner
Ella, Roller skates, Tablet computer, Wall-mount diamond pickaxe
Leo, Lego Grogu
Philip, Horse riding helmet, LED light up sneakers
Craig, Nerf rifle, Pink fluffy pen
Brendan, Toy train set
Jeff, Avocado, Jaipur board game
Shaun, Spiderman costume, Toy train set, Giraffe plushie
Orville, Lego death star
Kent, Beyblade Burst spinner, Kitten plushie, Toy train set
Derek, Acrylic paint brush set , Remote controlled car, Toy kitchen set
Donald, 500 TikTok followers
Earl, Nintendo Switch, Indoor bowling set, Princess dress
Leon, Nintendo Switch, Beyblade Burst spinner
Roger, Wireless headphones, Baby brother, World of Warcraft: Shadowlands Collectors Edition
Seth, World of Warcraft: Shadowlands Collectors Edition
Stella, Dinosaur plushie, Car carpet, Magic: The Gathering Commander Legends booster box
Loretta, Frozen Elsa electric toothbrush, Running shoes, Minecraft Diamond Armor Pyjama set
Laura, Roller skates, Indoor bowling set
Michelle, Bluetooth speaker
Gina, Digital camera, Fortnite t-shirt, Baby born doll
Selena, Baby born doll, Toy kitchen set
Alice, Nintendo Switch
Beverly, Acrylic paint brush set , Giraffe plushie, Baby Yoda plushie
Dolores, Polyhedral dice set, Briefcase of art supplies
Stefanie, Toy dinosaur play set, Trick scooter, Toy truck
Yvonne, Jaipur board game, Bluetooth speaker
Irma, Jaipur board game
Mariah, Swimming flippers, Unicorn onesie, Briefcase of art supplies
Maureen, Bluetooth speaker
Denise, Lego death star, Brunette Barbie doll, Football shoes
Howard, Car carpet
Karl, Dinosaur plushie, Toy dinosaur play set
Martin, Xbox Series X
Sebastian, Pink tricycle
Kilian, Kitten plushie
Eugene, VHS player, Jaipur board game
Estelle, Beyblade Burst spinner, Roller skates
Arnold, Lego Grogu, Wireless headphones, Princess dress
Arthur, Roller skates, Toy train set
Gerald, Remote controlled car, Pink tricycle
Margarita, PlayStation 5, Piggy bank, Jaipur board game
Franz, Small watering can, Beyblade Burst spinner
Marcus, Lego death star
Marvin, Brunette Barbie doll, Mermaid barbie, Pink tricycle
Mathias, Ken doll with real hair
Niko, Remote controlled bb8 droid, VHS player, Horse riding helmet
Naomi, World of Warcraft: Shadowlands Collectors Edition, Football shoes
Paula, Running shoes, Roller skates, Wireless headphones
Raphael, Watercolor paint set, Wireless headphones, Briefcase of art supplies
Rupert, Doll stroller, Carbon fiber road bike
Sabrina, New phone
Ruth, Nintendo Switch, Avocado
Sven, Frozen Elsa electric toothbrush, Basketball, Frozen Olaf plush toy
Tim, Running shoes, Giraffe plushie, Giraffe plushie
Timothy, Doll stroller, VHS player
Gilbert, Beyblade Burst spinner, Polyhedral dice set, Piggy bank
Gustav, Crayons, Unicorn onesie
Klaus, Small watering can, Toy kitchen set
Lars, Beyblade Burst spinner, Bluetooth speaker, Digital camera
Dirk, Gloomhaven board game, PlayStation 5
Emilia, Mechanical keyboard
Emma, Ken doll with real hair, Kitten plushie
Eva, Make your own slime kit
Gwen, 500 TikTok followers
Ramona, Polyhedral dice set, Running shoes
Casper, Baby Yoda plushie
Kayleigh, Football shoes, Watercolor paint set, Indoor bowling set
Fern, Teddy bear
Daisy, Car carpet
Maria, Harry Potter and the Philosopher's Stone, Wireless headphones
Mimi, Toy dinosaur play set
Tessa, Baby brother
Esther, Baby born doll
Martha, Car carpet, Crayons
Jasmin, 500 TikTok followers
Ida, Carbon fiber road bike
Leonie, Skateboard
Zoe, Baby born doll, Lego death star
Courtney, Swimming goggles, PlayStation 5
Matilda, Harry Potter and the Philosopher's Stone, Toy kitchen set, Small watering can
Stephanie, Wireless headphones, Lego Grogu
Dale, Giraffe plushie, Book about dinosaurs
Elle, New phone
Leia, Gloomhaven board game
Carley, Dungeons and Dragons 5th Edition Starter Set, Fortnite t-shirt, Roller skates
Sophie, Xbox Series X, Acrylic paint brush set 
Gabrielle, Brunette Barbie doll, Dinosaur plushie
Alexa, Clear Night Sky puzzle
Mariam, Crayons, Lego death star
Catherine, Minecraft Diamond Armor Pyjama set, Toy dinosaur play set, Pink fluffy pen
Anya, Running shoes
Stacy, Polyhedral dice set, Wall-mount diamond pickaxe, 500 TikTok followers
Tanya, Nintendo Switch, Frozen Olaf plush toy
Jamie, Toy train set, Raspberry Pi 4, Trick scooter
Chelsea, Raspberry Pi 4, World of Warcraft: Shadowlands Collectors Edition
Taylor, Frozen Olaf plush toy
Hannah, Frozen Elsa electric toothbrush
Megan, Roller skates, Princess dress, Lego Grogu
Georgie, Cyberpunk 2077, Wireless headphones
Christine, World of Warcraft: Shadowlands Collectors Edition, Zebra Jumpy, Watercolor paint set
Ashley, Polyhedral dice set, Make your own slime kit
Kelly, Horse riding helmet, Remote controlled car
Sylvia, Tablet computer
Rose, Raspberry Pi 4, Book about dinosaurs, Doll stroller
Helen, Baby brother
Edie, Unicorn onesie, 7200 Riot Points gift card, Swimming flippers
Alexandra, Briefcase of art supplies
Sandra, Wireless headphones, Color pencil set, Toy truck
Heidi, Raspberry Pi 4
India, Teddy bear, Trick scooter
Lara, LED light up sneakers, Watercolor paint set
Joel, Dinosaur plushie, Wireless headphones, Bluetooth speaker
David, Harry Potter and the Philosopher's Stone, Basketball, LED light up sneakers
Rachel, Toy kitchen set, Piggy bank
Daniel, PlayStation 5, Polar bear plushie, Cyberpunk 2077
Jonathan, Wall-mount diamond pickaxe, Pink fluffy pen
Annabel, Pink tricycle, Clear Night Sky puzzle
Leila, Roller skates, Wall-mount diamond pickaxe, Polar bear plushie
Elizabeth, Toy kitchen set, Princess dress, Pink fluffy pen
Gemma, Baby Yoda plushie, Acrylic paint brush set , Tablet computer
Elena, Ballet shoes, LOL Dolls surprise egg, Teddy bear
Mollie, Dungeons and Dragons 5th Edition Starter Set
Charlie, Digital camera, Xbox Series X
Danielle, Pink fluffy pen, Book about dinosaurs
Meghan, Clear Night Sky puzzle
Tyler, Toy train set, Gloomhaven board game, Polar bear plushie
Betty, Beyblade Burst spinner
Elsie, Magic: The Gathering Commander Legends booster box
Lucy, Wall-mount diamond pickaxe
April, Horse riding helmet, Polyhedral dice set, VHS player
Maggie, Zebra Jumpy
Anne, Make your own slime kit
Nancy, Polyhedral dice set, Wireless headphones, Harry Potter and the Philosopher's Stone
Julie, Ninja Turtles backpack
Kyla, Carbon fiber road bike, Football shoes, Indoor bowling set
Sharon, Kitten plushie, Swimming flippers
Harriet, Xbox Series X
Isabel, Baby brother, Mermaid barbie
Christian, Remote controlled bb8 droid, Indoor bowling set
Maxwell, LED light up sneakers, Color pencil set
Connor, Magic: The Gathering Commander Legends booster box, Crayons, Unicorn onesie
Harley, Briefcase of art supplies
Alan, Frozen Elsa electric toothbrush, Book about dinosaurs
Erik, Toy dinosaur play set, Beyblade Burst spinner
Charles, Tablet computer, New phone, Basketball
Robbie, Mermaid barbie
Robin, Jaipur board game
Jeremy, Magic: The Gathering Commander Legends booster box, Ballet shoes, Dungeons and Dragons 5th Edition Starter Set
Omar, Nintendo Switch
Oliver, Remote controlled bb8 droid
Julia, New phone, LOL Dolls surprise egg
Kyle, Teddy bear, Fortnite t-shirt, Nintendo Switch
Jenna, Tablet computer
Cory, Giraffe plushie
Ricky, Ken doll with real hair, World of Warcraft: Shadowlands Collectors Edition, Ballet shoes
Douglas, Giraffe plushie, Football shoes
Clyde, Running shoes, Toy kitchen set, Basketball
Juan, Dungeons and Dragons 5th Edition Starter Set
Callum, Basketball, New phone
Anita, Digital camera, Doll stroller, Minecraft Diamond Armor Pyjama set
Adrian, VHS player, Brunette Barbie doll
Austin, Carbon fiber road bike
Justin, Briefcase of art supplies, Crayons
Edgar, Football shoes
Renee, Toy truck
Felix, Book about dinosaurs
Marshall, Gloomhaven board game, Clear Night Sky puzzle, Unicorn onesie
Lily, Raspberry Pi 4, Unicorn onesie, Small watering can
Archie, Nerf rifle, Magic: The Gathering Commander Legends booster box
Annika, Color pencil set, Harry Potter and the Philosopher's Stone, Doll stroller
Aiden, Football shoes, Acrylic paint brush set 
Greg, Dinosaur plushie, Zebra Jumpy
Laurence, Princess dress, Polyhedral dice set, Fortnite t-shirt
Brett, Frozen Elsa electric toothbrush, Crayons, Basketball
Gregory, Nerf rifle, Crayons, Color pencil set
Vince, Spiderman costume, Minecraft Diamond Armor Pyjama set
William, Toy truck, Frozen Elsa electric toothbrush, Horse riding helmet
Liam, LOL Dolls surprise egg, Baby Yoda plushie, Baby Yoda plushie
Matthew, Jaipur board game, Acrylic paint brush set , Running shoes
Billy, Magic: The Gathering Commander Legends booster box, 500 TikTok followers, Princess dress
Adam, Crayons
Michael, Doll stroller, Fortnite t-shirt, 500 TikTok followers
Ronald, Nerf rifle, Crayons, Dinosaur plushie
Harry, Brunette Barbie doll
Henry, Mermaid barbie, Skateboard
Stefan, Roller skates
Thomas, Avocado, Swimming flippers, Mechanical keyboard
Alistair, Spiderman costume
Ian, Color pencil set, Digital camera, Tablet computer
Jay, Brunette Barbie doll, Dinosaur plushie
Theodore, Spiderman costume, Minecraft Diamond Armor Pyjama set
Jasper, Crayons
Riley, Spiderman costume
Gene, 7200 Riot Points gift card, Baby Yoda plushie
Eli, Mermaid barbie, Piggy bank
Mel, Lego Grogu
Danni, Color pencil set, Wireless headphones
Nicky, Tablet computer, Briefcase of art supplies
Morgan, Pink fluffy pen, Nerf rifle
Bailey, Magic: The Gathering Commander Legends booster box, Ninja Turtles backpack, Zebra Jumpy
